,被験者,TOKEN ID,IDごと実施テスト数,被験者ごとの実施テスト数,gender,age,completeditems,extras_isnative,extras_accent
0,1.0,3dVXVgErQNk8,20.0,20.0,Male,30-39,10,no,us
1,2.0,Oz9LG42yl50k,20.0,20.0,Others,40-49,10,yes,us
2,3.0,OAJLwwy6L0jp,10.0,30.0,Others,18-29,10,yes,uk
3,4.0,5ewLaMb8LDEq,10.0,20.0,Male,30-39,10,yes,us
4,5.0,vOdQRYE2XnYE,10.0,35.0,Female,30-39,10,yes,us
5,6.0,ZPGlxw0KLRpq,10.0,22.0,Female,30-39,10,yes,none
6,7.0,oJgQd4AKQnWd,10.0,30.0,Female,18-29,10,yes,us
7,8.0,Yd2leDbALpeA,10.0,11.0,Male,18-29,10,yes,ca
8,9.0,3dYQgOn2Q8v1,10.0,21.0,Male,30-39,10,yes,us
9,10.0,n3VlMNkDX2jv,10.0,15.0,Female,40-49,10,yes,uk
10,11.0,oJgQd4A5QnWd,10.0,34.0,Female,40-49,10,yes,uk
11,12.0,JB8Q9xn2XGmb,1.0,20.0,Male,40-49,10,yes,us
12,13.0,A7NLzwkklkr1,10.0,30.0,Female,30-39,10,yes,us
13,14.0,R6eX0N2oLz4n,0.0,0.0,Female,18-29,4,yes,us
14,15.0,PwYLZRO5Ln3d,0.0,0.0,Female,50-59,10,yes,ca
15,16.0,zdJQ3VyzX58N,0.0,0.0,Male,40-49,1,yes,au
16,17.0,K04lpvPqQWpn,0.0,0.0,Male,40-49,1,yes,au
17,18.0,n7PlKqmqQD8J,0.0,0.0,Female,50-59,10,yes,ca
18,19.0,A3KQbjYWQONE,0.0,0.0,Female,18-29,2,yes,us
19,20.0,z3YQY1GpQnZe,0.0,0.0,Male,30-39,1,yes,us
20,21.0,5ewLaMbNLDEq,0.0,0.0,Female,30-39,1,yes,us
21,22.0,EvGlrbxBlqJo,0.0,0.0,Male,30-39,1,yes,us
22,23.0,np5L2rqwLRVv,0.0,0.0,Male,30-39,1,yes,us
23,24.0,08qQN29nQNOv,0.0,0.0,Male,30-39,1,yes,us
24,25.0,JB8Q96JxLGmb,0.0,0.0,Male,30-39,3,yes,ca
25,26.0,Oz9LG4P1l50k,0.0,0.0,Male,30-39,1,yes,us
26,27.0,KAqLDMBmlBry,0.0,0.0,Male,30-39,1,yes,us
27,28.0,5ewLaMp8LDEq,0.0,0.0,Male,30-39,1,yes,ca
28,29.0,qO6Q4pNnQ407,0.0,0.0,Female,30-39,1,yes,uk
29,30.0,bZPQEjZGL3gy,0.0,0.0,Female,30-39,1,yes,uk
30,31.0,GoAQjNKWQva2,0.0,0.0,Female,30-39,1,yes,uk
31,32.0,n3VlMNRDX2jv,0.0,0.0,Male,40-49,1,yes,au
32,33.0,R6eX0NG0Lz4n,0.0,0.0,Female,30-39,1,yes,uk
33,34.0,ovVLk25aQxRn,0.0,0.0,Female,30-39,1,yes,uk
34,35.0,vOdQRYZkXnYE,0.0,0.0,Female,30-39,1,yes,uk
35,36.0,JB8Q9xYRXGmb,0.0,0.0,Male,40-49,1,yes,au
36,37.0,vOdQRY04XnYE,0.0,0.0,Female,30-39,1,yes,uk
37,38.0,GgyLmV06l7Ba,0.0,0.0,Female,30-39,1,yes,uk
38,39.0,A7NLzwrklkr1,0.0,0.0,Female,30-39,1,yes,uk
39,40.0,eZOlWzePLo5E,0.0,0.0,Female,30-39,1,yes,uk
40,41.0,KYOLPVNgXGZx,0.0,0.0,Male,40-49,1,yes,au
41,42.0,PwYLZRn5Ln3d,0.0,0.0,Male,40-49,1,yes,au
42,43.0,oRBQB0dDlmra,0.0,0.0,Male,40-49,1,yes,au
43,44.0,zdJQ3VAzX58N,0.0,0.0,Male,40-49,1,yes,au
44,45.0,1w3L5YKZLAJj,0.0,0.0,Male,40-49,1,yes,au
45,46.0,n7PlKqDqQD8J,0.0,0.0,Male,40-49,1,yes,au
46,47.0,dNoX8bBzL9Yk,0.0,0.0,Male,18-29,1,yes,uk
47,48.0,A3KQbjoWQONE,0.0,0.0,Male,18-29,1,yes,uk
48,49.0,Yd2leDzALpeA,0.0,0.0,Female,18-29,1,yes,us
49,50.0,wyzlvwqOXW5k,0.0,0.0,Female,18-29,1,yes,us
50,51.0,z3YQY18pQnZe,0.0,0.0,Male,18-29,1,yes,uk
51,52.0,K04lpvjqQWpn,0.0,0.0,Female,30-39,6,yes,uk
52,53.0,EKDLqeE7LMzp,0.0,0.0,Male,30-39,1,yes,us
53,54.0,akYlOryqL0o5,0.0,0.0,Female,18-29,1,yes,us
54,55.0,5ewLaMGzLDEq,0.0,0.0,Male,40-49,1,yes,id
55,56.0,9nVlyw0PQMg6,0.0,0.0,Male,30-39,1,yes,us
56,57.0,A3KQbjORQONE,0.0,0.0,Others,18-29,10,yes,uk
57,58.0,Yd2leDN1LpeA,0.0,0.0,Female,40-49,10,yes,uk
58,59.0,GoAQjNYaQva2,0.0,0.0,Male,40-49,1,yes,id
59,60.0,K04lpvx9QWpn,0.0,0.0,Male,30-39,10,yes,ca
60,61.0,KAqLDMqGlBry,0.0,0.0,Female,18-29,8,yes,us
61,62.0,n3VlMNk6X2jv,0.0,0.0,Female,30-39,1,yes,us
62,63.0,A7NLzwM3lkr1,0.0,0.0,Male,30-39,1,yes,us
63,64.0,7dgQ7eb7l4Z3,0.0,0.0,Female,40-49,4,yes,ca
64,65.0,8m5l12OjX1jv,0.0,0.0,Female,18-29,10,no,us
65,66.0,ovVLk2oaQxRn,0.0,0.0,Female,18-29,10,yes,none
66,67.0,GgyLmV63l7Ba,0.0,0.0,Male,30-39,10,yes,us
67,68.0,ovVLk2oxQxRn,0.0,0.0,Female,30-39,1,yes,us
