,,完了したtoken,gender,age,completeditems
0,,dNoX8jKzL9Yk,Female,30-39,1
2,,n3VlM9pel2jv,Female,18-29,1
3,,GgyLmJ83l7Ba,Female,50-59,1
4,,qO6Q4knnX407,Female,30-39,1
5,,7dgQ7Myvl4Z3,Male,18-29,1
6,,3dYQg6K9X8v1,Female,40-49,1
7,,4oMln6Vzld7r,Female,40-49,1
8,,3dVXV4zrLNk8,Female,50-59,1
9,,GgyLmJ4Rl7Ba,Female,30-39,1
10,,akYlO7Gql0o5,Male,50-59,1
11,,eZOlWD3zXo5E,Female,30-39,1
12,,n3VlM92Wl2jv,Female,50-59,1
13,,zdJQ37NjQ58N,Female,30-39,1
14,,wWxXo699lMgK,Male,30-39,1
15,,A7NLz6bkLkr1,Female,50-59,1
16,,n7PlK1bAQD8J,Female,30-39,1
17,,OAJLw6KyQ0jp,Male,18-29,1
18,,bzwQ6aqzX0nZ,Female,30-39,1
19,,EvGlr6YBlqJo,Female,30-39,1
20,,R6eX0RMoLz4n,Male,30-39,1
21,,vOdQRakgXnYE,Female,30-39,1
22,,8m5l19mjl1jv,Female,30-39,1
23,,kKYlJm01LDgP,Female,50-59,1
24,,wyzlv6eYlW5k,Female,18-29,1
25,,4oMln6Ngld7r,Male,30-39,1
26,,PwYLZq95Qn3d,Female,18-29,1
27,,GgyLmJ2Gl7Ba,Male,30-39,1
28,,KAqLDpnJLBry,Male,40-49,1
29,,1w3L50MnQAJj,Male,30-39,1
30,,wWxXo609lMgK,Male,30-39,1
31,,n7PlK10mQD8J,Male,40-49,1
32,,8m5l19E4l1jv,Female,40-49,1
33,,n3VlM9p6l2jv,Female,60-69,1
34,,akYlO7jOl0o5,Female,30-39,1
35,,Yd2le6dAXpeA,Female,30-39,1
36,,wWxXo6wqlMgK,Male,50-59,1
37,,n3VlM9xDl2jv,Female,30-39,1
38,,Yd2le649XpeA,Male,18-29,1
39,,5ewLaYagLDEq,Female,30-39,1
40,,R6eX0R6oLz4n,Male,18-29,1
41,,EKDLqWdOXMzp,Male,40-49,1
42,,GgyLmJDWl7Ba,Female,50-59,1
43,,ZPGlx6W7QRpq,Male,30-39,1
44,,8m5l19Ajl1jv,Male,30-39,1
45,,KYOLPkmbQGZx,Female,18-29,1
46,,GoAQjgejLva2,Male,30-39,1
47,,4oMln62Nld7r,Female,40-49,1
48,,KYOLPkGgQGZx,Male,18-29,1
49,,wyzlv6mYlW5k,Female,30-39,1
50,,Oz9LGe9nX50k,Male,50-59,1
51,,JB8Q9EWRQGmb,Male,50-59,1
52,,eZOlWD2KXo5E,Female,40-49,1
53,,9nVly69MXMg6,Male,18-29,1
54,,3dVXV44wLNk8,Female,18-29,1
55,,7dgQ7MyEl4Z3,Male,30-39,1
56,,ZPGlx63NQRpq,Male,30-39,1
57,,n3VlM93el2jv,Female,50-59,1
58,,EvGlr67YlqJo,Male,30-39,1
59,,z3YQYOz5lnZe,Male,30-39,1
60,,7dgQ7MG7l4Z3,Male,40-49,1
61,,A7NLz6d3Lkr1,Female,18-29,1
62,,n7PlK17mQD8J,Male,18-29,1
63,,akYlO7Ajl0o5,Male,18-29,1
64,,KYOLPkzyQGZx,Female,40-49,1
65,,z3YQYORplnZe,Female,30-39,1
66,,5ewLaY0NLDEq,Female,30-39,1
67,,OAJLw6Y6Q0jp,Male,18-29,1
68,,ovVLk6K6QxRn,Male,30-39,1
69,,bzwQ6aKzX0nZ,Male,40-49,1
70,,Oz9LGed1X50k,Male,40-49,1
71,,A3KQbv1WQONE,Male,40-49,1
72,,K04lp6OqQWpn,Male,30-39,1
73,,n3VlM96xl2jv,Male,30-39,1
74,,7dgQ7MAjl4Z3,Female,30-39,1
75,,R6eX0RdGLz4n,Male,40-49,1
76,,JB8Q9E2mQGmb,Male,50-59,1
77,,9nVly6KxXMg6,Female,30-39,1
78,,eZOlWD6PXo5E,Female,30-39,1
79,,z3YQYOMjlnZe,Female,40-49,1
80,,7dgQ7MJEl4Z3,Female,30-39,1
81,,dNoX8jYML9Yk,Male,60-69,1
82,,Yd2le68OXpeA,Female,30-39,1
83,,oJgQd6MBlnWd,Female,30-39,1
84,,GoAQjg8eLva2,Female,18-29,1
85,,ovVLk6kxQxRn,Female,50-59,1
86,,zdJQ37amQ58N,Female,30-39,1
87,,akYlO7z5l0o5,Female,40-49,1
88,,A7NLz6yxLkr1,Female,50-59,1
89,,PwYLZq0eQn3d,Female,18-29,1
90,,z3YQYO3xlnZe,Female,30-39,1
91,,JB8Q9EW2QGmb,Female,30-39,1
92,,ovVLk6AaQxRn,Female,18-29,1
93,,ZPGlx6E9QRpq,Male,30-39,1
94,,ZPGlx629QRpq,Female,18-29,1
95,,1w3L50OnQAJj,Male,40-49,1
96,,EKDLqW7RXMzp,Female,40-49,1
97,,5ewLaYeNLDEq,Female,30-39,1
98,,K04lp6B9QWpn,Female,40-49,1
99,,vOdQRaeAXnYE,Female,40-49,1
100,,KAqLDpAmLBry,Male,60-69,1
101,,vOdQRaR8XnYE,Male,40-49,1
102,,kKYlJm2ZLDgP,Male,40-49,1
103,,kKYlJmN1LDgP,Female,40-49,1
104,,EvGlr6D1lqJo,Male,60-69,1
105,,KYOLPkEpQGZx,Female,30-39,1
106,,K04lp6aJQWpn,Male,40-49,1
107,,np5L2derXRVv,Male,40-49,1
108,,PwYLZqjzQn3d,Male,30-39,1
109,,R6eX0RPGLz4n,Female,40-49,1
110,,zdJQ37nzQ58N,Female,50-59,1
111,,3dVXV429LNk8,Male,40-49,1
112,,ZPGlx68WQRpq,Male,50-59,1
113,,n3VlM906l2jv,Male,30-39,1
114,,R6eX0RMNLz4n,Male,18-29,1
115,,PwYLZqJoQn3d,Female,30-39,1
116,,4oMln6Ymld7r,Female,18-29,1
117,,KAqLDp2dLBry,Female,40-49,1
118,,1w3L50P8QAJj,Male,40-49,1
119,,3dYQg6jrX8v1,Male,40-49,1
120,,7dgQ7MEjl4Z3,Male,50-59,1
121,,oJgQd6zKlnWd,Female,40-49,1
122,,wyzlv6GOlW5k,Female,30-39,1
123,,3dYQg64WX8v1,Female,30-39,1
124,,bZPQEYd5Q3gy,Female,40-49,1
125,,PwYLZqaRQn3d,Male,30-39,1
126,,7dgQ7MPjl4Z3,Male,30-39,1
127,,z3YQYO25lnZe,Male,30-39,1
128,,08qQNdZglNOv,Male,30-39,1
129,,A3KQbvaZQONE,Male,30-39,1
130,,ovVLk6z6QxRn,Male,40-49,1
131,,3dYQg6vrX8v1,Female,30-39,1
132,,9nVly6vyXMg6,Female,18-29,1
133,,ovVLk63xQxRn,Female,30-39,1
134,,akYlO7mpl0o5,Female,50-59,1
135,,oRBQBrbpQmra,Female,30-39,1
136,,dNoX8jP5L9Yk,Female,30-39,1
137,,Oz9LGe1nX50k,Male,60-69,1
138,,bZPQEY1KQ3gy,Female,30-39,1
139,,K04lp67jQWpn,Male,40-49,1
140,,wWxXo6VvlMgK,Female,50-59,1
141,,EvGlr6b9lqJo,Female,30-39,1
142,,EKDLqWY7XMzp,Female,40-49,1
143,,oRBQBrzDQmra,Male,40-49,1
144,,ZPGlx62WQRpq,Female,30-39,1
145,,akYlO7q5l0o5,Male,30-39,1
146,,A7NLz6ynLkr1,Male,50-59,1
147,,KYOLPkKDQGZx,Female,30-39,1
148,,n3VlM9x6l2jv,Female,30-39,1
149,,rdnlA2gjX9a1,Female,50-59,1
150,,PwYLZqDeQn3d,Male,40-49,1
151,,R6eX0RA0Lz4n,Male,30-39,1
152,,KAqLDpRyLBry,Male,40-49,1
153,,3dYQg6DWX8v1,Male,50-59,1
154,,A7NLz6okLkr1,Female,40-49,1
155,,zdJQ370jQ58N,Male,30-39,1
156,,dNoX8jORL9Yk,Female,18-29,1
157,,GgyLmJqkl7Ba,Male,40-49,1
158,,Yd2le6mOXpeA,Female,30-39,1
159,,qO6Q4kb5X407,Female,30-39,1
160,,R6eX0RjNLz4n,Male,40-49,1
161,,A7NLz653Lkr1,Male,60-69,1
162,,EKDLqW39XMzp,Female,40-49,1
163,,JB8Q9E22QGmb,Male,18-29,1
164,,4oMln6k5ld7r,Male,30-39,1
165,,vOdQRa22XnYE,Male,30-39,1
166,,K04lp6YqQWpn,Male,40-49,1
167,,KAqLDp1mLBry,Male,30-39,1
168,,KYOLPkqDQGZx,Male,18-29,1
169,,n3VlM9GDl2jv,Male,40-49,1
170,,np5L2dgqXRVv,Male,30-39,1
171,,R6eX0RkzLz4n,Female,50-59,1
172,,9nVly63yXMg6,Female,30-39,1
173,,oJgQd6oKlnWd,Male,40-49,1
174,,08qQNdGnlNOv,Female,40-49,1
175,,vOdQRa92XnYE,Male,40-49,1
176,,A3KQbv77QONE,Female,40-49,1
177,,KAqLDpmaLBry,Female,30-39,1
178,,rdnlA2A6X9a1,Female,18-29,1
179,,8m5l19bJl1jv,Female,30-39,1
180,,R6eX0Rn0Lz4n,Female,30-39,1
181,,wWxXo6DvlMgK,Female,18-29,1
182,,GoAQjg7jLva2,Female,18-29,1
183,,ZPGlx6K6QRpq,Male,40-49,1
184,,oJgQd6MKlnWd,Female,18-29,1
185,,zdJQ37bGQ58N,Male,40-49,1
186,,EKDLqWV9XMzp,Female,30-39,1
187,,JB8Q9EBRQGmb,Male,18-29,1
188,,np5L2doqXRVv,Male,40-49,1
189,,8m5l19gJl1jv,Male,30-39,1
190,,5ewLaYkNLDEq,Female,50-59,1
191,,Oz9LGekYX50k,Female,50-59,1
192,,eZOlWDJKXo5E,Male,40-49,1
193,,kKYlJmMELDgP,Female,30-39,1
194,,A7NLz6AvLkr1,Male,40-49,1
195,,kKYlJmdELDgP,Female,30-39,1
196,,A7NLz65xLkr1,Female,30-39,1
197,,akYlO7Prl0o5,Female,30-39,1
198,,oJgQd6E8lnWd,Male,40-49,1
199,,3dYQg695X8v1,Female,18-29,1
200,,8m5l1974l1jv,Male,30-39,1
201,,OAJLw6bNQ0jp,Male,40-49,1
202,,K04lp6V8QWpn,Female,18-29,1
203,,KAqLDpxaLBry,Male,50-59,1
204,,z3YQYOeplnZe,Male,40-49,1
205,,KAqLDp9yLBry,Female,50-59,1
206,,7dgQ7Mqdl4Z3,Female,30-39,1